<ArGpsLocationData><Entry><id>0</id><lat>-24.499452442928956</lat><lng>-47.868297402221174</lng><altitude>0</altitude><altitudeMode>GroundRelative</altitudeMode><name>Logo01</name><meshId>Logo</meshId><movementSmoothing>0.05</movementSmoothing><maxNumberOfLocationUpdates>0</maxNumberOfLocationUpdates><useMovingAverage>false</useMovingAverage><hideObjectUtilItIsPlaced>true</hideObjectUtilItIsPlaced></Entry><Entry><id>1</id><lat>-24.499537788018685</lat><lng>-47.86823585290901</lng><altitude>0</altitude><altitudeMode>GroundRelative</altitudeMode><name>Logo02</name><meshId>Logo</meshId><movementSmoothing>0.05</movementSmoothing><maxNumberOfLocationUpdates>0</maxNumberOfLocationUpdates><useMovingAverage>false</useMovingAverage><hideObjectUtilItIsPlaced>true</hideObjectUtilItIsPlaced></Entry><Entry><id>2</id><lat>-24.499516451750907</lat><lng>-47.86808637600686</lng><altitude>0</altitude><altitudeMode>GroundRelative</altitudeMode><name>Logo03</name><meshId>Logo</meshId><movementSmoothing>0.05</movementSmoothing><maxNumberOfLocationUpdates>0</maxNumberOfLocationUpdates><useMovingAverage>false</useMovingAverage><hideObjectUtilItIsPlaced>true</hideObjectUtilItIsPlaced></Entry><Entry><id>3</id><lat>-24.499660471484162</lat><lng>-47.868391191649835</lng><altitude>0</altitude><altitudeMode>GroundRelative</altitudeMode><name>Logo04</name><meshId>Logo</meshId><movementSmoothing>0.05</movementSmoothing><maxNumberOfLocationUpdates>0</maxNumberOfLocationUpdates><useMovingAverage>false</useMovingAverage><hideObjectUtilItIsPlaced>true</hideObjectUtilItIsPlaced></Entry><Entry><id>4</id><lat>-24.499231078831073</lat><lng>-47.86844687912256</lng><altitude>0</altitude><altitudeMode>GroundRelative</altitudeMode><name>Logo05</name><meshId>Logo</meshId><movementSmoothing>0.05</movementSmoothing><maxNumberOfLocationUpdates>0</maxNumberOfLocationUpdates><useMovingAverage>false</useMovingAverage><hideObjectUtilItIsPlaced>true</hideObjectUtilItIsPlaced></Entry></ArGpsLocationData>